{
  "resolution": [
    1600,
    1200
  ],
  "cameraMatrix": [
    [
      896.6486317,
      0,
      819.7628831
    ],
    [
      0,
      897.6438566,
      660.2049729
    ],
    [
      0,
      0,
      1
    ]
  ],
  "distCoeffs": [
    -0.07656904835,
    0.02157187701,
    -0.001007844922,
    -0.0004464715026,
    0.2367763913,
    -0.1191817118,
    0.08775951471,
    0.2257559851
  ]
}