{
  "resolution": [
    1600,
    1200
  ],
  "cameraMatrix": [
    [
      907.9999689,
      0,
      777.9274486
    ],
    [
      0,
      911.6615495,
      622.7734195
    ],
    [
      0,
      0,
      1
    ]
  ],
  "distCoeffs": [
    -0.01632716,
    0.02410289,
    0.00091726,
    -0.00025933,
    0.15821745,
    -0.05968227,
    0.08854175,
    0.14838347
  ]
}