{
  "resolution": [
    1600,
    1200
  ],
  "cameraMatrix": [
    [
      899.3450143,
      0,
      859.1234691
    ],
    [
      0,
      899.9054032,
      648.4206824
    ],
    [
      0,
      0,
      1
    ]
  ],
  "distCoeffs": [
    -0.04839305962,
    -0.02804966183,
    -0.005437779425,
    0.004081044237,
    0.1737199384,
    -0.09555215283,
    0.04674690434,
    0.1537526856
  ]
}