{
  "resolution": [
    1600,
    1200
  ],
  "cameraMatrix": [
    [
      899.9739947,
      0,
      798.2995779
    ],
    [
      0,
      897.0738111,
      707.8793723
    ],
    [
      0,
      0,
      1
    ]
  ],
  "distCoeffs": [
    -0.01328428412,
    -0.02195725541,
    0.001022698071,
    0.003250566519,
    0.1494398191,
    -0.05636271856,
    0.04521799075,
    0.1369208725
  ],
  "pipeline": "v4l2src device=/dev/video0 extra_controls=\"c,exposure_auto=0,exposure_absolute=50,sharpness=0,brightness=0\" ! image/jpeg,format=MJPG,width=1600,height=1200 ! jpegdec ! video/x-raw ! appsink drop=1"
}
