{
  "resolution": [
    1600,
    1200
  ],
  "cameraMatrix": [
    [
      889.8701721,
      0,
      831.8618976
    ],
    [
      0,
      892.0563516,
      710.2050097
    ],
    [
      0,
      0,
      1
    ]
  ],
  "distCoeffs": [
    0.06889400114,
    -0.01342703535,
    0.003841000848,
    -0.001404416628,
    -0.03377902778,
    0.02174412032,
    0.06476404205,
    -0.05699245922
  ]
}