{
  "resolution": [
    1600,
    1200
  ],
  "cameraMatrix": [
    [
      905.1752919,
      0,
      809.8628808
    ],
    [
      0,
      902.8782418,
      663.5654782
    ],
    [
      0,
      0,
      1
    ]
  ],
  "distCoeffs": [
    0.0003434867907,
    0.03704941186,
    0.001197251863,
    0.00342223198,
    0.137335456,
    -0.04391153847,
    0.1053313312,
    0.1240793446
  ],
  "pipeline": "v4l2src device=/dev/video0 extra_controls=\"c,exposure_auto=0,exposure_absolute=50,sharpness=0,brightness=0\" ! image/jpeg,format=MJPG,width=1600,height=1200 ! jpegdec ! video/x-raw ! appsink drop=1"
}
