{
  "resolution": [
    1600,
    1200
  ],
  "cameraMatrix": [
    [
      902.7324559,
      0,
      802.1568465
    ],
    [
      0,
      898.9071459,
      712.4351317
    ],
    [
      0,
      0,
      1
    ]
  ],
  "distCoeffs": [
    0.1128124751,
    0.03425391198,
    0.002454443906,
    0.002405037629,
    0.006726378106,
    0.05258822004,
    0.1294258582,
    -0.01998823481
  ]
}