{
  "resolution": [
    1600,
    1200
  ],
  "cameraMatrix": [
    [
      908.7729048,
      0,
      857.2057295
    ],
    [
      0,
      906.3006896,
      661.6534508
    ],
    [
      0,
      0,
      1
    ]
  ],
  "distCoeffs": [
    0.02857931176,
    0.01667806023,
    0.0002961623657,
    0.00218501301,
    0.07446806423,
    -0.01597381057,
    0.08809076821,
    0.05913639017
  ],
  "pipeline": "v4l2src device=/dev/video0 extra_controls=\"c,exposure_auto=0,exposure_absolute=50,sharpness=0,brightness=0\" ! image/jpeg,format=MJPG,width=1600,height=1200 ! jpegdec ! video/x-raw ! appsink drop=1"
}
