{
  "resolution": [
    1600,
    1200
  ],
  "cameraMatrix": [
    [
      898.857872,
      0,
      777.768395
    ],
    [
      0,
      897.4452213,
      661.6840913
    ],
    [
      0,
      0,
      1
    ]
  ],
  "distCoeffs": [
    -0.001748510192,
    0.05269534716,
    -0.003410033691,
    0.0024333452,
    0.1470762486,
    -0.0405565296,
    0.1055583869,
    0.1433388108
  ]
}