{
  "resolution": [
    1280,
    720
  ],
  "cameraMatrix": [
    [
      736.778251,
      0,
      633.3229938
    ],
    [
      0,
      737.4428753,
      405.0528428
    ],
    [
      0,
      0,
      1
    ]
  ],
  "distCoeffs": [
    0.01447377326,
    0.4859143223,
    0.001139373855,
    -0.001747505697,
    0.4118361855,
    -0.08130091421,
    0.5609146927,
    0.4840040021
  ]
}
