{
  "resolution": [
    1600,
    1300
  ],
  "cameraMatrix": [
    [
      1445.350726,
      0,
      803.8430844
    ],
    [
      0,
      1441.443109,
      637.7936243
    ],
    [
      0,
      0,
      1
    ]
  ],
  "distCoeffs": [
    0.09382268708,
    -0.05419874491,
    0.001209608604,
    0.002579585314,
    -0.08527229913,
    0.00969948655,
    0.02963251203,
    0.01556610172
  ]
}