{
  "resolution": [
    1600,
    1200
  ],
  "cameraMatrix": [
    [
      899.2651541,
      0,
      809.5231028
    ],
    [
      0,
      896.7678617,
      654.1140455
    ],
    [
      0,
      0,
      1
    ]
  ],
  "distCoeffs": [
    0.03909818965,
    -0.0006925722868,
    0.0001245992899,
    0.00298251204,
    0.06637459959,
    -0.01292082931,
    0.08042917465,
    0.04575530121
  ],
  "pipeline": "v4l2src device=/dev/video0 extra_controls=\"c,exposure_auto=0,exposure_absolute=50,sharpness=0,brightness=0\" ! image/jpeg,format=MJPG,width=1600,height=1200 ! jpegdec ! video/x-raw ! appsink drop=1"
}
