{
  "resolution": [
    1600,
    1200
  ],
  "cameraMatrix": [
    [
      900.3951598,
      0,
      794.3355422
    ],
    [
      0,
      898.4427438,
      703.7502696
    ],
    [
      0,
      0,
      1
    ]
  ],
  "distCoeffs": [
    0.02530987255,
    -0.01431543591,
    0.0003409407895,
    0.002322074779,
    0.08287384948,
    -0.02403243611,
    0.06109832811,
    0.06567414486
  ],
  "pipeline": "v4l2src device=/dev/video0 extra_controls=\"c,exposure_auto=0,exposure_absolute=50,sharpness=0,brightness=0\" ! image/jpeg,format=MJPG,width=1600,height=1200 ! jpegdec ! video/x-raw ! appsink drop=1"
}
