{
  "resolution": [
    1600,
    1200
  ],
  "cameraMatrix": [
    [
      895.2577532,
      0,
      847.7704546
    ],
    [
      0,
      893.7107066,
      705.5508507
    ],
    [
      0,
      0,
      1
    ]
  ],
  "distCoeffs": [
    0.04927641663,
    -0.007688644796,
    0.0004023900974,
    0.002916057695,
    0.04040073837,
    0.002193291544,
    0.06606373793,
    0.0221734412
  ],
  "pipeline": "v4l2src device=/dev/video0 extra_controls=\"c,exposure_auto=0,exposure_absolute=50,sharpness=0,brightness=0\" ! image/jpeg,format=MJPG,width=1600,height=1200 ! jpegdec ! video/x-raw ! appsink drop=1"
}
